{
  "experiment_config": {
    "dataset": "tiny_shakespeare",
    "model_type": "transformer_encoder_only",
    "vocab_size": 65,
    "seq_len": 128,
    "d_model": 256,
    "num_heads": 8,
    "d_ff": 1024,
    "num_layers": 6,
    "dropout": 0.1,
    "batch_size": 64,
    "learning_rate": 0.0003,
    "weight_decay": 0.01,
    "warmup_steps": 2000,
    "epochs": 20,
    "seed": 42
  },
  "training_history": {
    "train_losses": [
      0.3060749428464217,
      0.014129429293673819,
      0.013252544315972626,
      0.012771897631243229,
      0.01244779416273998,
      0.012205863297171273,
      0.01199373015790019,
      0.011795897793118017,
      0.011623984025685456,
      0.011442747309183064,
      0.011285646353866162,
      0.011131550919025084,
      0.010983518227636532,
      0.010844824277792023,
      0.010717181602885813,
      0.010598032759462746,
      0.01050764258575412,
      0.010430466430907247,
      0.010384708153775993,
      0.010367514999725961
    ],
    "val_losses": [
      0.1997570043444244,
      0.10929773814153129,
      0.1007288229823181,
      0.0870550588467209,
      0.09083167356488923,
      0.14079549044249742,
      0.09817896394572455,
      0.10111181139657088,
      0.09752674560127354,
      0.06906768186221503,
      0.08767119823625878,
      0.07695972334877214,
      0.07416736430486554,
      0.08456443405969265,
      0.11021084464016206,
      0.08900036769387615,
      0.0889038460760045,
      0.0872997882722229,
      0.08542277545471942,
      0.08546201427862493
    ],
    "train_perplexities": [
      1.3580840814209372,
      1.0142297214801743,
      1.0133407484939618,
      1.0128538066555617,
      1.012525590414622,
      1.0122806588515696,
      1.0120659433525256,
      1.0118657437572693,
      1.0116918050567811,
      1.011508465970309,
      1.011349569505714,
      1.0111937371608595,
      1.0110440585093725,
      1.0109038425392092,
      1.0107748163034767,
      1.0106543908275736,
      1.0105630417302198,
      1.0104850533698884,
      1.0104388163726499,
      1.0104214438917662
    ],
    "val_perplexities": [
      1.2211059986533246,
      1.1154944261405066,
      1.1059766856354212,
      1.090956744884899,
      1.0950846580470126,
      1.1511891947165298,
      1.1031601933444697,
      1.1064003430152087,
      1.1024409266144775,
      1.0715087284003173,
      1.0916291334289667,
      1.079998576790593,
      1.0769870396006533,
      1.0882429618849634,
      1.1165134565210308,
      1.0930810582454675,
      1.0929755573848996,
      1.0912237667750464,
      1.0891774468631923,
      1.0892201857437378
    ],
    "learning_rates": [
      0.00029857544031741516,
      0.00029347593485367024,
      0.0002847981855051863,
      0.00027275861256273324,
      0.00025765747912130427,
      0.00023987140261464896,
      0.00021984396209704114,
      0.0001980746355236668,
      0.000175106342930318,
      0.0001515119061815037,
      0.00012787976297652464,
      0.00010479929140162731,
      8.284611102920897e-05,
      6.256772714995346e-05,
      4.446987616615237e-05,
      2.9003912687732096e-05,
      1.6555552892773055e-05,
      7.435254889506115e-06,
      1.8704759904797417e-06,
      0.0
    ],
    "gradient_norms": [
      0.22554434842632662,
      0.0877009332362915,
      0.07591223652985016,
      0.06297426711180283,
      0.05570685925333647,
      0.051262029043705915,
      0.04807236550190077,
      0.04445703517483133,
      0.04268394131836921,
      0.040497166076587175,
      0.03935164368644431,
      0.037677566263752495,
      0.03611237298898177,
      0.0350982168539969,
      0.03460562672407609,
      0.033762649572184805,
      0.033632192016669234,
      0.033643953678894334,
      0.03335787948492693,
      0.03314302703726717
    ],
    "epoch_times": [
      1940.4191772937775,
      1937.0005011558533,
      1938.3669743537903,
      1936.7832655906677,
      1939.4680452346802,
      1935.8854792118073,
      1935.7568006515503,
      1935.9352617263794,
      1936.1878476142883,
      1938.2595028877258,
      1937.7568633556366,
      1935.9149537086487,
      1936.1941916942596,
      1936.1080260276794,
      1935.4400944709778,
      1936.0259623527527,
      1937.4197099208832,
      1941.2698378562927,
      1940.4317643642426,
      1936.2920093536377
    ]
  },
  "convergence_metrics": {
    "best_val_loss": 0.06906768186221503,
    "final_val_loss": 0.08546201427862493,
    "loss_variance": 8.23167102371873e-05,
    "loss_trend": 0.0005868399276506861,
    "loss_smoothness": 0.017737579959238775,
    "converged_at_epoch": 10
  },
  "final_results": {
    "total_epochs": 20,
    "best_val_loss": 0.06906768186221503,
    "best_val_perplexity": 1.0715087284003173,
    "final_val_loss": 0.08546201427862493,
    "final_val_perplexity": 1.0892201857437378,
    "total_training_time": 38746.91626882553,
    "average_epoch_time": 1937.3458134412765
  }
}